,movie_name,movie_data,movie_scores,movie_type,movie_lang,movie_len
0,蝙蝠侠：骑士陨落 第一部：骑士陨落,2026-08-25,92,"动画,动作,冒险,科幻",英语,79
1,安昂传奇：最后的气宗,2026-07-24,91,"动画,冒险,奇幻,动作",英语,99
2,奇幻变身大冒险,2026-05-01,89,"冒险,动画,家庭,奇幻",英语,102
3,不期而遇的姐妹,2026-03-12,88,"喜剧,爱情",西班牙语,85
4,鬼灭之刃：无限城篇 第一章 猗窝座再袭,2025-11-14,88,"动画,动作,奇幻",日语,155
5,夜巡毒枭,2026-08-21,88,"犯罪,动作,惊悚",西班牙语,91
6,肖申克的救赎,2026-08-28,87,"剧情,犯罪",英语,142
7,教父,1972-03-24,87,"剧情,犯罪",英语,175
8,挽救计划,2026-03-20,86,"科幻,冒险",英语,156
9,迈克尔·杰克逊：巨星之路,2026-04-24,86,"音乐,剧情",英语,136
10,年轻的心,2024-12-18,86,"剧情,爱情",荷兰语,97
11,教父2,1974-12-20,86,"剧情,犯罪",英语,200
12,十二怒汉,1957-04-10,86,剧情,英语,96
13,辛德勒的名单,2019-04-06,86,"剧情,历史,战争",英语,195
14,电锯人剧场版：蕾塞篇,2025-09-19,86,"动画,动作,爱情,奇幻",日语,100
15,蝙蝠侠：黑暗骑士,2018-04-07,85,"动作,惊悚,犯罪",英语,152
16,千与千寻,2019-06-21,85,"动画,家庭,奇幻",日语,125
17,绿里奇迹,1999-12-10,85,"奇幻,剧情,犯罪",英语,189
18,指环王3：王者无敌,2004-03-15,85,"冒险,奇幻,动作",英语,263
19,勇夺芳心,1995-10-20,85,"喜剧,剧情,爱情",印地语,190
20,寄生虫,2019-07-28,85,"喜剧,惊悚,剧情",朝鲜语,132
21,星际穿越,2014-11-12,85,"冒险,剧情,科幻",英语,169
22,你的名字。,2016-12-02,85,"动画,爱情,剧情",日语,106
23,低俗小说,2024-04-18,85,"惊悚,犯罪,喜剧",英语,154
24,黄金三镖客,2018-04-16,85,西部,意大利语,161
25,切腹,1962-09-15,85,"动作,剧情,历史",unkonwn,135
26,阿甘正传,2020-08-25,85,"喜剧,剧情,爱情",英语,142
27,Selena Gomez: My Mind & Me,2022-11-02,85,"纪录,音乐",unkonwn,95
28,好家伙,1990-09-19,85,"剧情,犯罪",英语,145
29,七武士,1954-04-26,85,"动作,剧情",日语,207
30,要不要做我儿子？,2023-09-21,85,"喜剧,爱情",英语,140
31,萤火虫之墓,1988-04-16,85,"动画,剧情,战争",日语,89
32,指环王1：护戒使者,2002-04-04,84,"冒险,奇幻,动作",英语,228
33,大卫·爱登堡：地球上的一段生命旅程,2020-09-28,84,"纪录,剧情",英语,83
34,搏击俱乐部,1999-10-15,84,"剧情,惊悚",英语,139
35,美丽人生,1997-12-20,84,"喜剧,剧情",意大利语,116
36,天堂电影院,2019-06-15,84,"剧情,爱情",意大利语,124
37,每个人的每件事,2019-03-10,84,纪录,英语,116
38,人类,2015-09-12,84,纪录,法语,191
39,指环王2：双塔奇兵,2003-04-25,84,"冒险,奇幻,动作",英语,235
40,上帝之城,2015-04-18,84,"剧情,犯罪",葡萄牙语,129
41,妙不可言,2021-06-17,84,"家庭,剧情",西班牙语,88
42,幸运有八只触手,2026-05-08,84,"剧情,悬疑",英语,111
43,蛊惑兄弟,2000-09-15,84,"喜剧,剧情,奇幻,爱情",葡萄牙语,104
44,惊魂记,1960-06-22,84,"恐怖,惊悚,悬疑",英语,109
45,飞越疯人院,2026-04-16,84,剧情,英语,135
46,蜘蛛侠：平行宇宙,2018-12-21,84,"动画,动作,冒险,科幻",英语,116
47,露西·希姆斯和和平王子,2020-10-19,84,"剧情,家庭",英语,87
48,保护者,2026-03-06,84,"动作,惊悚",英语,92
49,罗小黑战记,2019-08-27,84,"动画,奇幻,动作,冒险",unkonwn,102
50,声之形,2017-09-08,84,"动画,剧情,爱情",日语,130
51,素媛,2013-10-02,84,剧情,朝鲜语,122
52,星球大战5：帝国反击战,1980-05-21,84,"冒险,动作,科幻",英语,124
53,哈尔的移动城堡,2004-04-24,84,"奇幻,动画,冒险",日语,119
54,天国与地狱,1963-03-01,84,"剧情,犯罪,惊悚,悬疑",日语,142
55,七宗罪,1995-09-22,84,"犯罪,悬疑,惊悚",英语,127
56,加百列的地狱,2020-05-29,84,未知,英语,122
57,爆裂鼓手,2024-12-06,84,"剧情,音乐,惊悚",英语,107
58,盗梦空间,2010-09-01,84,"动作,科幻,冒险",英语,148
59,美国往事,2015-04-23,84,"剧情,犯罪",英语,139
60,钢琴家,2003-01-24,84,"剧情,战争",英语,150
61,玩具总动员5,2026-06-19,84,"动画,家庭,喜剧,冒险",英语,102
62,蜘蛛侠：纵横宇宙,2023-06-02,84,"动画,动作,冒险,科幻",英语,140
63,沉默的羔羊,2018-04-16,83,"犯罪,惊悚,剧情",英语,119
64,加百列的地狱：第二部,2020-07-31,83,"爱情,剧情",英语,106
65,别假正经,2024-06-16,83,"纪录,音乐",英语,88
66,鱿鱼游戏： 第二季 制作特辑,2025-01-03,83,纪录,朝鲜语,28
67,激进教学,2023-10-19,83,剧情,西班牙语,122
68,防弹少年团：燃烧舞台电影版,2018-11-15,83,"音乐,纪录",朝鲜语,85
69,后窗,2019-04-13,83,"惊悚,悬疑,剧情",英语,113
70,加百列的地狱：第三部,2020-11-19,83,未知,英语,122
71,回到未来,1985-07-03,83,"冒险,喜剧,科幻",英语,116
72,美国X档案,1998-10-30,83,剧情,英语,119
73,同级生,2016-02-20,83,"爱情,动画",日语,61
74,幽灵公主,2025-05-01,83,"冒险,奇幻,动画",日语,134
75,真爱留声,2026-06-20,83,"爱情,喜剧,剧情",英语,119
76,生之欲,1952-10-09,83,剧情,日语,143
77,音魂掠影,2022-02-17,83,"纪录,音乐,历史",意大利语,156
78,荒野机器人,2024-09-20,83,"家庭,动画,科幻,冒险",英语,102
79,未麻的部屋,2024-04-18,83,"动画,惊悚",日语,81
80,紫罗兰永恒花园 剧场版,2021-12-25,83,"动画,剧情,奇幻,爱情",日语,140
81,死亡诗社,2026-04-17,83,剧情,英语,128
82,带来灵魂：防弹少年团演唱会电影,2019-08-07,83,"音乐,纪录",朝鲜语,103
83,这个杀手不太冷,2024-11-01,83,"犯罪,剧情,动作",法语,133
84,夜与雾,1956-05-22,83,"纪录,历史",法语,32
85,五等分的新娘 剧场版,2022-05-20,83,"动画,喜剧,爱情",日语,136
86,献给我的前妻,2019-11-08,83,"剧情,喜剧",西班牙语,94
87,大独裁者,2021-09-19,83,"喜剧,战争",英语,125
88,我们如此相爱,1974-12-21,83,"剧情,喜剧",意大利语,124
89,摩登时代,1936-09-17,83,"喜剧,剧情,爱情",英语,87
90,边境奇袭,2025-02-28,83,"动作,冒险,惊悚",西班牙语,85
91,生活多美好,1946-12-20,83,"剧情,家庭,奇幻",英语,131
92,惩罚者：最后一击,2026-05-12,83,"动作,剧情,犯罪",英语,51
93,从天而降,2019-12-24,83,"喜剧,剧情,音乐",西班牙语,112
94,触不可及,2011-11-02,83,"剧情,喜剧",法语,112
95,日落大道,2026-04-16,83,剧情,英语,110
96,捕风追影,2025-08-16,83,"动作,犯罪,剧情,惊悚",unkonwn,141
97,西部往事,2018-04-16,83,"剧情,西部",意大利语,166
98,现代启示录,1979-05-19,83,"剧情,战争",英语,202
99,新世纪福音战士剧场版：Air／真心为你,1997-07-19,83,"动画,科幻,剧情,奇幻,动作",日语,87
100,黑客帝国,2000-01-14,83,"动作,科幻",英语,136
101,萤火之森,2011-09-17,83,"爱情,动画,奇幻",日语,44
102,从前有个工作室,2023-11-24,83,"动画,家庭,奇幻,剧情,喜剧",英语,9
103,迈克尔·杰克逊：颤栗,1983-11-21,83,"恐怖,音乐,惊悚",英语,14
104,妥瑞氏与我,2025-09-22,83,"剧情,历史",英语,121
105,七号房的礼物,2020-10-15,83,剧情,土耳其语,132
106,狮子王,1995-07-15,83,"动画,家庭,剧情",英语,89
107,光荣之路,1957-12-20,83,"战争,剧情",英语,87
108,乔西的虎与鱼,2021-06-11,83,"动画,剧情,爱情",日语,98
109,城市之光,1931-03-07,82,"喜剧,剧情,爱情",英语,87
110,云上情歌,2020-10-09,82,"音乐,剧情",英语,121
111,洞,1960-03-18,82,"剧情,惊悚,犯罪",法语,132
112,复仇者联盟4：终局之战,2019-04-24,82,"冒险,科幻,动作",英语,181
113,复仇者联盟3：无限战争,2018-05-11,82,"冒险,动作,科幻",英语,156
114,幽会百科,1965-07-05,82,纪录,意大利语,92
115,我想吃掉你的胰脏,2019-01-18,82,"动画,剧情,爱情",日语,109
116,老男孩,2003-11-21,82,"惊悚,悬疑",朝鲜语,120
117,海上钢琴师,2019-11-09,82,"剧情,音乐",意大利语,170
118,青春猪头少年不会梦到怀梦美少女,2019-06-15,82,"动画,爱情,剧情,奇幻",日语,90
119,拯救大兵瑞恩,1998-11-13,82,"战争,剧情,历史",英语,169
120,为了萨玛,2019-07-26,82,"纪录,战争",英语,96
121,安逸人生,1962-12-05,82,"剧情,喜剧,冒险",意大利语,105
122,牯岭街少年杀人事件,1991-07-27,82,"犯罪,剧情,爱情",汉语,237
123,角斗士,2000-08-12,82,"动作,剧情,冒险",英语,155
124,天地玄黄,1993-11-19,82,纪录,英语,97
125,鬼灭之刃：无限列车篇,2020-10-16,82,"动画,动作,奇幻",日语,117
126,GIVEN 被赠与的未来 剧场版,2020-08-22,82,"动画,剧情,音乐,爱情",日语,59
127,黑帮悍将,1993-02-05,82,"犯罪,剧情,惊悚",英语,190
128,一年中的生活,2020-11-27,82,"剧情,爱情",英语,107
129,绿皮书,2019-03-01,82,"剧情,喜剧,历史",英语,130
130,超级马力欧银河大电影,2026-04-03,82,"家庭,喜剧,冒险,奇幻,动画",英语,98
131,穿靴子的猫2,2022-12-23,82,"动画,冒险,奇幻,喜剧,家庭",英语,103
132,克劳斯：圣诞节的秘密,2019-11-08,82,"动画,家庭,喜剧",英语,97
133,福音战士新剧场版：终,2025-10-31,82,"动画,动作,科幻,剧情",日语,154
134,狼的孩子雨和雪,2012-07-21,82,"动画,家庭,剧情,奇幻",日语,117
135,无耻混蛋,2010-10-14,82,"剧情,惊悚,战争",英语,153
136,五尺天涯,2019-10-18,82,"爱情,剧情",英语,116
137,单向乐队：这就是我们,2013-08-30,82,"纪录,音乐",英语,92
138,砂之女,1964-02-15,82,"剧情,惊悚",日语,123
139,致命魔术,2006-11-10,82,"剧情,悬疑,科幻",英语,130
140,星球大战4：新希望,1977-05-25,82,"冒险,动作,科幻",英语,121
141,摇篮,2024-08-23,82,"剧情,家庭",英语,123
142,相助,2012-04-23,82,剧情,英语,146
143,男孩、鼹鼠、狐狸和马,2022-12-02,82,"动画,家庭,剧情,冒险",英语,35
144,控方证人,2025-11-28,82,"剧情,悬疑,犯罪",英语,116
145,宇宙小子大电影,2019-08-26,82,"动画,家庭,冒险,奇幻,剧情,电视电影",英语,90
146,闪灵,2026-01-30,82,"恐怖,惊悚",英语,143
147,泰勒·斯威夫特：“举世盛名”巡回演唱会,2018-12-31,82,音乐,英语,125
148,寻梦环游记,2017-11-22,82,"家庭,动画,音乐,冒险",英语,105
149,禁闭岛,2010-02-18,82,"剧情,惊悚,悬疑",英语,138
150,对一个不容怀疑的公民的调查,1970-02-12,82,"剧情,惊悚",意大利语,111
151,防弹少年团世界巡回演唱会：在首尔爱自己,2019-01-26,82,音乐,朝鲜语,160
152,黑暗正义联盟：天启星战争,2020-05-05,82,"动画,动作,冒险,奇幻",英语,90
153,血战钢锯岭,2016-12-08,82,"剧情,历史,战争",英语,139
154,妈咪,2014-09-19,82,剧情,法语,138
155,被解救的姜戈,2013-05-12,82,"剧情,西部",英语,163
156,痴迷,2026-07-24,82,"恐怖,惊悚",英语,108
157,自己去看,1985-07-09,82,"剧情,战争,恐怖,历史",俄语,136
158,蓦然回首,2024-10-26,82,"动画,剧情",日语,75
159,我的母亲有话说,2019-12-26,82,喜剧,葡萄牙语,110
160,神秘博士：博士之日,2013-11-23,82,未知,英语,75
161,红胡子,1965-04-03,82,剧情,日语,185
162,桃色公寓,1960-06-21,82,"喜剧,剧情,爱情",英语,125
163,20世纪少女,2022-10-06,82,"爱情,剧情",朝鲜语,119
164,小姐,2016-06-01,82,"惊悚,剧情,爱情",朝鲜语,145
165,无知的声音,2005-01-28,82,"剧情,战争",西班牙语,120
166,火遮眼,2026-06-09,82,"动作,犯罪,惊悚",unkonwn,113
167,狼行者,2020-10-04,82,"动画,家庭,冒险,奇幻",英语,102
168,异形,2016-04-16,82,"恐怖,科幻",英语,117
169,记忆碎片,2026-05-29,82,"悬疑,惊悚",英语,113
170,泰勒·斯威夫特：时代巡回演唱会,2023-12-31,82,音乐,英语,169
171,比莉·艾利什：模糊世界,2021-02-26,82,"纪录,音乐",英语,140
172,终结者2：审判日,2000-05-18,82,"动作,惊悚,科幻",英语,137
173,发条橙,1971-12-19,82,"科幻,犯罪",英语,137
174,心灵捕手,1997-12-05,82,剧情,英语,126
175,BLACKPINK：照亮天空,2020-10-14,82,"纪录,音乐",朝鲜语,79
176,哪吒之魔童闹海,2025-01-29,82,"动画,动作,奇幻,冒险",unkonwn,144
177,非常嫌疑犯,1995-08-16,82,"剧情,犯罪,惊悚",英语,96
178,熔炉,2011-09-22,82,剧情,朝鲜语,123
179,偷自行车的人,1948-11-24,82,剧情,意大利语,93
180,楚门的世界,1998-06-05,82,"喜剧,剧情",英语,103
181,无间道风云,2006-10-05,82,"剧情,惊悚,犯罪",英语,151
182,Top Gun: Maverick,2022-05-27,82,"动作,剧情",unkonwn,131
183,我在雨中等你,2019-08-09,82,"剧情,爱情",英语,109
184,疤面煞星,1983-12-09,82,"动作,犯罪,剧情",英语,170
185,何以为家,2019-04-29,82,剧情,阿拉伯语,126
186,河狸变身计划,2026-03-20,81,"冒险,动画,喜剧,家庭,科幻",英语,99
187,东京物语,1953-11-03,81,剧情,日语,136
188,多哥,2019-12-20,81,"冒险,历史,剧情",英语,113
189,第七封印,1957-02-16,81,"奇幻,剧情",瑞典语,96
190,寻子遇仙记,1928-04-29,81,"喜剧,剧情",英语,68
191,卡萨布兰卡,1943-07-07,81,"剧情,爱情",英语,102
192,沙丘2,2024-03-08,81,"科幻,冒险",英语,166
193,朝花夕誓：于离别之朝束起约定之花,2019-02-02,81,"动画,剧情,奇幻",日语,115
194,迷魂记,2019-04-13,81,"悬疑,爱情,惊悚",英语,128
195,我的英雄学院：英雄崛起,2019-12-20,81,"动画,动作,奇幻,冒险",日语,104
196,鹬,2016-06-17,81,"家庭,动画",英语,6
197,雨中曲,1981-05-15,81,"喜剧,爱情",英语,103
198,地球公民,2005-09-24,81,纪录,英语,95
199,机器人总动员,2026-08-15,81,"动画,家庭,科幻",英语,98
200,少年的你,2019-10-25,81,"剧情,犯罪,爱情",unkonwn,138
201,假面,2026-04-19,81,剧情,瑞典语,85
202,出租车司机,2014-06-20,81,"犯罪,剧情",英语,113
203,奇爱博士,2024-04-18,81,"喜剧,战争",英语,95
204,Palmer,2021-01-28,81,剧情,unkonwn,110
205,全金属外壳,1987-06-26,81,"剧情,战争",英语,117
206,中央车站,1998-04-03,81,剧情,葡萄牙语,110
207,小丑,2019-10-04,81,"犯罪,惊悚,剧情",英语,122
208,杀死比尔：血色全传,2026-08-07,81,"动作,犯罪,剧情,惊悚",英语,253
209,Love Hurts,2002-11-08,81,未知,西班牙语,104
210,阿尔多、吉欧瓦尼与吉奥科默喜剧集,1996-03-29,81,未知,意大利语,130
211,落水狗,1992-10-23,81,"犯罪,惊悚",英语,99
212,我的朋友们,1975-10-24,81,喜剧,意大利语,140
213,姥姥的外孙,2024-08-17,81,剧情,泰语,127
214,囚徒,2013-09-20,81,"剧情,惊悚,犯罪",英语,153
215,咒术回战0,2025-04-03,81,"动画,动作,奇幻",日语,104
216,焦土之城,2010-09-17,81,"剧情,战争,悬疑",法语,130
217,永远的车神,2011-06-02,81,纪录,英语,106
218,奇迹男孩,2018-01-19,81,"家庭,剧情",英语,113
219,狩猎,2012-09-24,81,剧情,丹麦语,115
220,真人快打传奇：蝎子的复仇,2020-04-12,81,"动画,动作,奇幻",英语,80
221,两杆大烟枪,1998-08-28,81,"喜剧,犯罪",英语,105
222,困在时间里的父亲,2021-06-18,81,剧情,英语,97
223,地球之盐,2014-09-27,81,纪录,法语,110
224,群体,2026-05-21,81,"动作,恐怖,科幻",朝鲜语,123
225,紫罗兰永恒花园外传：永远与自动手记人偶,2020-01-10,81,"剧情,奇幻,动画",日语,90
226,花样年华,2025-02-14,81,"剧情,爱情",Cantonese,99
227,马里乌波尔20天,2023-07-14,81,"纪录,战争",英语,94
228,燃烧女子的肖像,2019-09-18,81,"剧情,爱情",法语,120
229,暖暖内含光,2024-04-18,81,"科幻,剧情,爱情",英语,108
230,心灵奇旅,2020-12-25,81,"动画,家庭,剧情,音乐,奇幻",英语,101
231,辉耀姬物语,2014-06-02,81,"动画,剧情,奇幻",日语,137
232,潜行者,1979-05-25,81,"科幻,剧情",俄语,163
233,双重赔偿,2026-06-13,81,"犯罪,惊悚",英语,107
234,大都会,2011-06-18,81,"剧情,科幻",德语,153
235,从海底出击,1981-09-17,81,"剧情,历史,战争",德语,200
236,山椒大夫,1954-03-31,81,未知,unkonwn,124
237,怒火青春,1995-05-31,81,剧情,法语,98
238,圣母街上的大人物,1958-07-26,81,"喜剧,犯罪",意大利语,106
239,哈利·波特与死亡圣器（下）,2011-08-04,81,"冒险,奇幻",英语,130
240,请以你的名字呼唤我,2017-11-24,81,"爱情,剧情",英语,132
241,活着,1994-09-30,81,"剧情,爱情,战争",unkonwn,132
242,用心棒,1961-04-25,81,"剧情,惊悚",unkonwn,110
243,奇迹少女 纽约篇,2020-09-26,81,"动画,家庭,动作,冒险,电视电影",法语,61
244,八部半,1963-02-14,81,剧情,意大利语,138
245,热情如火,2002-06-09,81,"喜剧,爱情,犯罪",英语,120
246,神秘博士：博士之时,2013-12-25,81,未知,英语,60
247,复仇者联盟,2012-05-05,81,"科幻,动作,冒险",英语,142
248,黑色五叶草：魔法帝之剑,2023-06-16,81,"动画,奇幻,动作,冒险",日语,113
249,扎克·施奈德版正义联盟,2021-05-03,81,"动作,冒险,奇幻",英语,242
250,看不见的客人,2017-09-15,81,"剧情,悬疑,惊悚",西班牙语,107
251,怪形,1982-06-25,81,"恐怖,悬疑,科幻",英语,109
252,彗星美人,1950-11-09,81,剧情,英语,138
253,家门之外,2021-11-24,81,"动画,家庭",英语,7
254,野草莓,1957-12-26,81,剧情,瑞典语,91
255,大战争,1959-10-28,81,"喜剧,战争,剧情",意大利语,137
256,德州巴黎,2024-07-28,81,剧情,英语,147
257,你给的仇恨,2018-10-19,81,"犯罪,剧情",英语,132
258,还有明天,2025-03-08,81,"剧情,喜剧,历史",意大利语,118
259,龙猫,2018-12-14,81,"奇幻,动画,家庭",日语,86
260,蜗牛回忆录,2025-09-05,81,"动画,喜剧,剧情",英语,95
261,猫猫的奇幻漂流,2025-02-28,81,"冒险,动画,家庭,奇幻",拉脱维亚语,85
262,精英部队,2008-06-14,81,"剧情,动作,犯罪",葡萄牙语,115
263,血色将至,2008-06-14,81,剧情,英语,158
264,欣德·拉贾布之声,2025-09-10,81,"剧情,历史",阿拉伯语,89
265,杀人回忆,2003-04-25,81,"犯罪,剧情,惊悚",朝鲜语,131
266,M就是凶手,1931-05-11,81,"剧情,惊悚,犯罪",德语,110
267,与神同行：罪与罚,2017-12-20,81,"动作,冒险,剧情,奇幻,惊悚",朝鲜语,139
268,特殊的一天,1977-08-11,81,"剧情,爱情",意大利语,106
269,一封关于父亲的信,2008-10-31,81,"纪录,犯罪",英语,94
270,天佑鲍比,2009-02-27,81,"剧情,历史,电视电影",英语,89
271,街角的商店,1940-01-12,81,"喜剧,剧情,爱情",英语,99
272,奇迹梦之队,2026-03-14,81,"动画,喜剧,家庭",英语,100
273,被遗忘的人们,1950-12-09,81,"剧情,犯罪",西班牙语,82
274,象人,2026-04-16,81,"剧情,历史",英语,124
275,白蛇2：青蛇劫起,2021-07-23,81,"动画,奇幻,动作,冒险",unkonwn,131
276,与神同行2：因与缘,2018-08-01,81,"动作,冒险,奇幻,惊悚",朝鲜语,141
277,三块广告牌,2018-03-02,81,"犯罪,剧情",英语,115
278,傲慢与偏见,2026-04-16,81,"剧情,爱情",英语,129
279,隐藏人物,2017-06-16,80,"剧情,历史",英语,127
280,一条狗的使命2,2019-05-17,80,"家庭,冒险,剧情",英语,108
281,轮回,2012-08-22,81,纪录,英语,102
282,新神榜：哪吒重生,2021-02-06,80,"动画,奇幻,动作",unkonwn,116
283,婚姻生活,1974-10-28,80,"剧情,爱情",瑞典语,169
284,天堂的孩子,1945-03-22,80,"剧情,爱情",法语,190
285,2001太空漫游,2016-04-22,80,"科幻,悬疑,冒险",英语,149
286,紫心之恋,2022-07-29,80,"爱情,剧情",英语,122
287,福尔摩斯二世,1924-04-17,80,"动作,喜剧,悬疑",英语,45
288,HOMECOMING: A film by Beyoncé,2019-04-17,80,"纪录,音乐,电视电影",unkonwn,137
289,我的名字叫可汗,2010-02-10,80,"剧情,爱情",印地语,165
290,我对你电影版：S先生的报仇,2020-01-17,80,"家庭,奇幻",意大利语,64
291,窃听风暴,2006-03-23,80,"剧情,惊悚",德语,137
292,雄狮,2017-06-23,80,剧情,英语,118
293,求救信号,2026-09-03,80,"动作,喜剧",英语,110
294,罗生门,1950-08-26,80,"犯罪,剧情,悬疑",日语,88
295,叫我第一名,2008-12-07,80,未知,英语,98
296,驯龙高手：重回家园,2019-12-03,80,"动画,奇幻,冒险,家庭",英语,21
297,出租车司机,2017-08-02,80,"动作,剧情,历史",朝鲜语,137
298,唯一的家园,2025-06-16,80,纪录,阿拉伯语,92
299,相信我：被诱拐的丽莎·麦克维,2018-09-30,80,"剧情,电视电影,犯罪",英语,87
