movie_name,movie_data,movie_scores,movie_type,movie_lang,movie_intro,movie_len
蝙蝠侠：骑士陨落 第一部：骑士陨落,2026-08-25,92,"动画,动作,冒险,科幻",英语,被称为“贝恩”的神秘巨兽只身突破阿卡姆疯人院，将蝙蝠侠的全部宿敌尽数释放到哥谭街头，整座城市瞬间陷入前所未有的犯罪狂潮。蝙蝠侠为了追捕四散的反派，日夜不休地奔波在哥谭的各个角落，精神与体力都被消耗到极限。而这一切，都是贝恩精心策划的棋局——他在暗处冷眼观察，步步紧逼，用连绵不绝的危机一点点消磨披风斗士的意志，一步步将蝙蝠侠推向身心双重崩溃的临界点。,79
安昂传奇：最后的气宗,2026-07-24,91,"动画,冒险,奇幻,动作",英语,派拉蒙和尼克宣布“降世神通”系列开发三部新的电影，仍是动画形式。第一部由《降世神通：最后的气宗》导演Lauren Montgomery执导，《最后的气宗》主创Bryan Konietzko和Michael DiMartino担任制片人。,99
奇幻变身大冒险,2026-05-01,89,"冒险,动画,家庭,奇幻",英语,森林中的一个小生物和一只高贵的鸟突然互换了身体，他们不得不结伴而行，共同应对此生最疯狂的冒险。,102
不期而遇的姐妹,2026-03-12,88,"喜剧,爱情",西班牙语,两位女子发现自己被同一个男人欺骗，且两人都被他弄怀孕了。于是她们联手展开报复。,85
鬼灭之刃：无限城篇 第一章 猗窝座再袭,2025-11-14,88,"动画,动作,奇幻",日语,当鬼杀队的成员和柱之人在为即将到来的与鬼的战斗做准备，完成共同的体能训练——柱之训练时，鬼舞辻无惨在产屋敷宅邸出现。由于鬼杀队的主公处于危险之中，炭治郎和柱急忙赶往总部，但却被鸣女推入一个神秘的异空间。炭治郎和鬼杀队的目标是鬼的堡垒——无限城。因此，鬼杀队和鬼之间的最终战斗的战场已经准备就绪。,155
夜巡毒枭,2026-08-21,88,"犯罪,动作,惊悚",西班牙语,两位墨西哥员警不幸得罪一名残忍的毒枭后，必须拼命撑过值勤的最后几小时。改编自真实事件。,91
肖申克的救赎,2026-08-28,87,"剧情,犯罪",英语,1947年，银行家安迪·杜佛兰因被控杀害妻子及其情人，尽管始终坚称清白，仍被判处两项无期徒刑，送入缅因州的肖申克监狱服刑。在残酷而压抑的监狱生活中，安迪凭借冷静、智慧和始终未曾熄灭的希望逐渐赢得狱友们的尊重，并与能够在狱中弄到各种物品的瑞德建立起深厚的友谊。漫长的岁月里，他始终没有让高墙彻底改变自己，也开始用自己的方式影响身边的人，以及这座看似牢不可破的监狱……,142
教父,1972-03-24,87,"剧情,犯罪",英语,40年代的美国，“教父”维托·唐·柯里昂是黑手党柯里昂家族的首领，带领家族从事非法的勾当，但同时他也是许多弱小平民的保护神，深得人们爱戴。因为拒绝了毒枭索洛索的毒品交易要求，柯里昂家族和纽约其他几个黑手党家族的矛盾激化、圣诞前夕，索洛索劫持了“教父”的参谋汤姆，并派人暗杀“教父”；因为内奸的出卖，“教父”的大儿子逊尼被仇家杀害；小儿子麦克也被卷了进来，失去爱妻。黑手党家族之间的矛盾越来越白热化。年老的“教父”面对丧子之痛怎样统领全局？黑手党之间的仇杀如何落幕？谁是家族的内奸？谁又能够成为新一代的“教父”？血雨腥风和温情脉脉，在这部里程碑式的黑帮史诗巨片里真实上演。,175
挽救计划,2026-03-20,86,"科幻,冒险",英语,太阳正在被“吃”掉，绝望吞噬地球。一名“平凡”的中学教师格雷斯（瑞恩·高斯林 饰）背负全人类的希望，踏上“太空不归路”。末路孤旅中，他意外遇到一位外星萌友，一个同样身陷绝境的外星工程师，这对“宇宙搭子”成了两个文明最后的救命稻草。他们能否在资源紧缺的情况下攻克重重科学谜题，寻回唯一的希望火种？ 影片改编自安迪·威尔的同名畅销科幻小说。,156
迈克尔·杰克逊：巨星之路,2026-04-24,86,"音乐,剧情",英语,本片将通过一段从未展现过的深度视角，真实记录传奇巨星迈克尔·杰克逊的复杂人生。影片不仅再现了他最具标志性的艺术表演瞬间，更深入挖掘了他的内心世界——从天才神童的成长阵痛到全球偶像背后的争议与坚韧，全面呈现这位伟大艺术家的辉煌与坎坷。,136
年轻的心,2024-12-18,86,"剧情,爱情",荷兰语,埃利亚斯是一个十四岁的男孩，在一个小村庄长大，他在这里感到自己像个局外人。在遇到新邻居兼同龄人亚历山大后，埃利亚斯开始面对自己逐渐显露的性意识。,97
教父2,1974-12-20,86,"剧情,犯罪",英语,作为《教父》的续篇，影片延续了科莱昂家族两代权力交替的史诗。科波拉在第二部分中讲述了两条故事线：由罗伯特·德尼罗以非凡演技演绎的年轻教父维托的根源与崛起，以及迈克尔（阿尔·帕西诺饰）作为新任教父的上位之路。,200
十二怒汉,1957-04-10,86,剧情,英语,西德尼·吕美特执导的本片堪称电影史上最颠覆的法庭剧。这部改编自雷金纳德·罗斯电视剧的经典之作，以密室内群像戏的精炼笔法，透视美国司法体系的肌理，张力十足。亨利·方达饰演的异议者，在由白人男性组成的陪审团中孤身抗辩——其余成员皆急于裁定被控弑父的波多黎各少年有罪。故事在一个闷热的午后、一间汗流浃背的房间里层层推进，最终凝聚成一部史诗规模的思辨传奇。吕美特这部震撼人心的导演处女作，精准捕捉了1950年代美国社会变革的前夜，成就了影史不朽的首作丰碑。[标准收藏],96
辛德勒的名单,2019-04-06,86,"剧情,历史,战争",英语,1939年，纳粹德国入侵波兰。德国商人奥斯卡·辛德勒来到被占领的克拉科夫，利用自己的人脉和金钱开办了一家搪瓷厂，并雇用被迫劳动的犹太人生产军需用品，希望借战争获取财富。随着纳粹对犹太人的迫害不断升级，辛德勒亲眼目睹了克拉科夫犹太区遭到清剿，以及无数普通人被驱逐和杀害。曾经只关心生意与利益的他开始发生改变，并利用自己的工厂、财富以及与纳粹官员之间的关系，尽可能保护身边的犹太工人。在愈发疯狂的屠杀与战争阴影下，一场以生命为代价的救援也由此悄然展开……,195
电锯人剧场版：蕾塞篇,2025-09-19,86,"动画,动作,爱情,奇幻",日语,故事延续TV动画的最终章，讲述男主角电次在偶然邂逅的神秘少女蕾塞的庇护下，在快节奏的战斗中，奔向难以预测的命运。  电次，一个少年，与“电锯恶魔”签订契约，化身“电锯人”，成为隶属于公安部魔物对策特别课四课的魔物猎人，与魔物战斗。正兴奋地等待着与心仪的女性、公安部上司玛奇玛约会，却遭遇突如其来的暴雨，不得不在雨中避雨。在避雨的过程中，他邂逅了名为蕾塞的少女。在附近咖啡馆工作的蕾塞对电次露出了和善的笑容，两人迅速成为了好朋友。这次邂逅标志着电次的日常生活发生了重大改变。,100
蝙蝠侠：黑暗骑士,2018-04-07,85,"动作,惊悚,犯罪",英语,在蝙蝠侠、警官詹姆斯·戈登和地方检察官哈维·丹特的共同努力下，哥谭市的犯罪势力受到前所未有的打击。然而，自称“小丑”的神秘罪犯突然出现，以毫无规则的暴力和精心策划的犯罪不断挑战城市秩序，也将蝙蝠侠、戈登和丹特一步步逼入道德与人性的困境。面对一个无法用常规逻辑理解的敌人，蝙蝠侠必须在守护哥谭与坚守自身原则之间作出艰难选择……,152
千与千寻,2019-06-21,85,"动画,家庭,奇幻",日语,10岁的千寻跟随父母搬家途中，意外穿过一条神秘隧道，闯入了一个属于神灵的奇异世界。父母因为擅自吃下供奉给神灵的食物而被变成猪，惊慌失措的千寻则在神秘少年白龙的帮助下得以留下。为了在这个世界生存并寻找救回父母的方法，她不得不到汤婆婆掌管的“油屋”浴场工作。在形形色色的神灵与不可思议的遭遇中，原本胆小任性的千寻开始学会独自面对困难，而她也必须找到离开这里、带父母重返人类世界的方法……,125
绿里奇迹,1999-12-10,85,"奇幻,剧情,犯罪",英语,1935年。美国南部惨淡肃杀的冷山监狱。这里有片一英里长的绿地，人们叫它“绿里”。不过，它的居民皆为死囚，在绿地的另一头，便是行刑用的电椅。保罗·艾治科姆（汤姆·汉 克斯饰）是这里的狱监，对于走过“绿里”、继而在电椅上惨叫毙命的死囚行刑程序，他俨然已无动于衷。除了保罗及其爱妻简外，“绿里”上还有凶残的副狱监豪威尔，有施虐倾向 的狱吏佩西，良心未泯的看守海尔和他身患绝症的妻子美琳达，喜用宠物鼠逗狱吏和诸“难友”取乐的德拉克，连环杀人狂威廉，负疚深重的犯人彼特等一干形形色色的人们。他们之 间充满了敌意和不屑。但神秘的约翰·考夫利的到来改变了一切。考夫利因谋杀两名幼女被 判死罪，他相貌恐怖，体形硕大，却出奇地平和、敏感而缄默，天真时甚至像个孩子，同时， 他似乎还具有一种不可名状的神秘力量，令人不由自主地对其产生信任感，这不禁让艾治科姆对其罪行是否属实深怀疑问。 真情无法取代程式，考夫利终要走过“绿里”。在这个貌似粗鲁的男人即将赴死的刹那，“绿里”上的人们以不同以往的形式实现了各自生命的重要跨越。,189
指环王3：王者无敌,2004-03-15,85,"冒险,奇幻,动作",英语,索伦大军为剿灭人类种族，已对刚铎都城米那斯提力斯展开围攻。这座昔日的伟大王国由一位日渐衰弱的摄政王守护，此刻比任何时候都更需要它的王者归来。但阿拉贡能否回应血脉的召唤，成为命定之君？中土世界的命运，正系于他宽阔的双肩。,263
勇夺芳心,1995-10-20,85,"喜剧,剧情,爱情",印地语,乔德利和妻子结婚多年，一直十分恩爱。两人共同养育了两个女儿希姆莱和图吉，两个姑娘都出落得亭亭玉立。一晃眼，希姆莱就到了该嫁人的年纪了，尽管乔德利一家人已经在伦敦生活了二十多年了，但乔德利骨子里依旧是一个传统的印度人。乔德利将希姆莱许配给了朋友的儿子库杰，这让希姆莱感到十分不满。一次偶然中，希姆莱邂逅了名为拉杰的印度男子，尽管拉杰为人轻浮，油腔滑调，但希姆莱还是同他坠入了情网。得知此事的乔德利举家迁回了印度，拉杰亦紧跟其后，他要如何才能获得乔德利的认可呢？,190
